{"cameraMode":{"drawMode":0,"name":"Shaded","section":"Shading Mode"},"sceneLighting":true,"audioPlay":false,"sceneViewState":{"showFog":true,"showMaterialUpdate":false,"showSkybox":true,"showFlares":true,"showImageEffects":true,"showParticleSystems":true},"in2DMode":false,"pivot":{"x":7.189309597015381,"y":-9.349987030029297,"z":8.138161659240723},"rotation":{"x":-0.15270975232124329,"y":-0.00533950375393033,"z":0.000830570817925036,"w":-0.9882734417915344},"size":21.950870513916017,"orthographic":false}