{"cameraMode":{"drawMode":0,"name":"Shaded","section":"Shading Mode"},"sceneLighting":true,"audioPlay":false,"sceneViewState":{"showFog":true,"showMaterialUpdate":false,"showSkybox":true,"showFlares":true,"showImageEffects":true,"showParticleSystems":true},"in2DMode":false,"pivot":{"x":0.1798730492591858,"y":-9.828229904174805,"z":1.4882848262786866},"rotation":{"x":-0.14889350533485413,"y":0.11774733662605286,"z":-0.01664145290851593,"w":-0.9821327924728394},"size":3.3668644428253176,"orthographic":false}