{"cameraMode":{"drawMode":0,"name":"Shaded","section":"Shading Mode"},"sceneLighting":true,"audioPlay":false,"sceneViewState":{"showFog":true,"showMaterialUpdate":false,"showSkybox":true,"showFlares":true,"showImageEffects":true,"showParticleSystems":true},"in2DMode":false,"pivot":{"x":-2.2788877487182619,"y":-5.589173316955566,"z":-30.738380432128908},"rotation":{"x":-0.049820855259895328,"y":0.005177810788154602,"z":0.0006398128462024033,"w":-0.9992026686668396},"size":4.401355743408203,"orthographic":false}