{"cameraMode":{"drawMode":0,"name":"Shaded","section":"Shading Mode"},"sceneLighting":true,"audioPlay":false,"sceneViewState":{"showFog":true,"showMaterialUpdate":false,"showSkybox":true,"showFlares":true,"showImageEffects":true,"showParticleSystems":true},"in2DMode":false,"pivot":{"x":53.73149871826172,"y":-1.1503820419311524,"z":8.400785446166993},"rotation":{"x":-0.19456419348716737,"y":-0.0977032333612442,"z":0.020181234925985338,"w":-0.9761362671852112},"size":27.458654403686525,"orthographic":false}