{"cameraMode":{"drawMode":0,"name":"Shaded","section":"Shading Mode"},"sceneLighting":true,"audioPlay":false,"sceneViewState":{"showFog":false,"showMaterialUpdate":false,"showSkybox":false,"showFlares":false,"showImageEffects":false,"showParticleSystems":false},"in2DMode":false,"pivot":{"x":58.95287322998047,"y":44.42857360839844,"z":-77.39630126953125},"rotation":{"x":0.2867984175682068,"y":-0.028048869222402574,"z":0.010496236383914948,"w":0.9578054547309876},"size":8.964672088623047,"orthographic":false}