{"cameraMode":{"drawMode":0,"name":"Shaded","section":"Shading Mode"},"sceneLighting":false,"audioPlay":false,"sceneViewState":{"showFog":true,"showMaterialUpdate":false,"showSkybox":false,"showFlares":true,"showImageEffects":true,"showParticleSystems":true},"in2DMode":false,"pivot":{"x":9.239999771118164,"y":-8.930000305175782,"z":0.0},"rotation":{"x":-0.049775928258895877,"y":0.02755589224398136,"z":-0.0014255228452384472,"w":-0.9984551668167114},"size":5.747969627380371,"orthographic":false}